--------------------------------------------------------
--  File created - Friday-December-14-2018   
--------------------------------------------------------
DROP SEQUENCE "S1509508"."ASSIGNMENTS_SEQ";
DROP SEQUENCE "S1509508"."COURSES_SEQ";
DROP SEQUENCE "S1509508"."ENROLLMENTS_SEQ";
DROP SEQUENCE "S1509508"."MODULERUNS_SEQ1";
DROP SEQUENCE "S1509508"."MODULES_SEQ";
DROP SEQUENCE "S1509508"."RESULTS_SEQ";
DROP SEQUENCE "S1509508"."USERS_SEQ";
DROP TABLE "S1509508"."ASSIGNMENTS" cascade constraints;
DROP TABLE "S1509508"."COURSES" cascade constraints;
DROP TABLE "S1509508"."ENROLLMENTS" cascade constraints;
DROP TABLE "S1509508"."MODULERUNS" cascade constraints;
DROP TABLE "S1509508"."MODULES" cascade constraints;
DROP TABLE "S1509508"."RESULTS" cascade constraints;
DROP TABLE "S1509508"."USERS" cascade constraints;
--------------------------------------------------------
--  DDL for Sequence ASSIGNMENTS_SEQ
--------------------------------------------------------

   CREATE SEQUENCE  "S1509508"."ASSIGNMENTS_SEQ"  MINVALUE 1 MAXVALUE 9999999999999999999999999999 INCREMENT BY 1 START WITH 21 CACHE 20 NOORDER  NOCYCLE ;
--------------------------------------------------------
--  DDL for Sequence COURSES_SEQ
--------------------------------------------------------

   CREATE SEQUENCE  "S1509508"."COURSES_SEQ"  MINVALUE 1 MAXVALUE 9999999999999999999999999999 INCREMENT BY 1 START WITH 21 CACHE 20 NOORDER  NOCYCLE ;
--------------------------------------------------------
--  DDL for Sequence ENROLLMENTS_SEQ
--------------------------------------------------------

   CREATE SEQUENCE  "S1509508"."ENROLLMENTS_SEQ"  MINVALUE 1 MAXVALUE 9999999999999999999999999999 INCREMENT BY 1 START WITH 21 CACHE 20 NOORDER  NOCYCLE ;
--------------------------------------------------------
--  DDL for Sequence MODULERUNS_SEQ1
--------------------------------------------------------

   CREATE SEQUENCE  "S1509508"."MODULERUNS_SEQ1"  MINVALUE 1 MAXVALUE 9999999999999999999999999999 INCREMENT BY 1 START WITH 21 CACHE 20 NOORDER  NOCYCLE ;
--------------------------------------------------------
--  DDL for Sequence MODULES_SEQ
--------------------------------------------------------

   CREATE SEQUENCE  "S1509508"."MODULES_SEQ"  MINVALUE 1 MAXVALUE 9999999999999999999999999999 INCREMENT BY 1 START WITH 21 CACHE 20 NOORDER  NOCYCLE ;
--------------------------------------------------------
--  DDL for Sequence RESULTS_SEQ
--------------------------------------------------------

   CREATE SEQUENCE  "S1509508"."RESULTS_SEQ"  MINVALUE 1 MAXVALUE 9999999999999999999999999999 INCREMENT BY 1 START WITH 21 CACHE 20 NOORDER  NOCYCLE ;
--------------------------------------------------------
--  DDL for Sequence USERS_SEQ
--------------------------------------------------------

   CREATE SEQUENCE  "S1509508"."USERS_SEQ"  MINVALUE 1 MAXVALUE 9999999999999999999999999999 INCREMENT BY 1 START WITH 23 CACHE 20 NOORDER  NOCYCLE ;
--------------------------------------------------------
--  DDL for Table ASSIGNMENTS
--------------------------------------------------------

  CREATE TABLE "S1509508"."ASSIGNMENTS" 
   (	"ID" NUMBER, 
	"ASSIGNMENTNAME" VARCHAR2(100 BYTE), 
	"MODULERUN" NUMBER
   ) SEGMENT CREATION IMMEDIATE 
  PCTFREE 10 PCTUSED 40 INITRANS 1 MAXTRANS 255 NOCOMPRESS LOGGING
  STORAGE(INITIAL 65536 NEXT 1048576 MINEXTENTS 1 MAXEXTENTS 2147483645
  PCTINCREASE 0 FREELISTS 1 FREELIST GROUPS 1 BUFFER_POOL DEFAULT FLASH_CACHE DEFAULT CELL_FLASH_CACHE DEFAULT)
  TABLESPACE "S1509508" ;
--------------------------------------------------------
--  DDL for Table COURSES
--------------------------------------------------------

  CREATE TABLE "S1509508"."COURSES" 
   (	"ID" NUMBER, 
	"TITLE" VARCHAR2(100 BYTE), 
	"COURSELEADER" NUMBER
   ) SEGMENT CREATION IMMEDIATE 
  PCTFREE 10 PCTUSED 40 INITRANS 1 MAXTRANS 255 NOCOMPRESS LOGGING
  STORAGE(INITIAL 65536 NEXT 1048576 MINEXTENTS 1 MAXEXTENTS 2147483645
  PCTINCREASE 0 FREELISTS 1 FREELIST GROUPS 1 BUFFER_POOL DEFAULT FLASH_CACHE DEFAULT CELL_FLASH_CACHE DEFAULT)
  TABLESPACE "S1509508" ;
--------------------------------------------------------
--  DDL for Table ENROLLMENTS
--------------------------------------------------------

  CREATE TABLE "S1509508"."ENROLLMENTS" 
   (	"ID" NUMBER, 
	"USERID" NUMBER, 
	"MODULERUNID" NUMBER
   ) SEGMENT CREATION IMMEDIATE 
  PCTFREE 10 PCTUSED 40 INITRANS 1 MAXTRANS 255 NOCOMPRESS LOGGING
  STORAGE(INITIAL 65536 NEXT 1048576 MINEXTENTS 1 MAXEXTENTS 2147483645
  PCTINCREASE 0 FREELISTS 1 FREELIST GROUPS 1 BUFFER_POOL DEFAULT FLASH_CACHE DEFAULT CELL_FLASH_CACHE DEFAULT)
  TABLESPACE "S1509508" ;
--------------------------------------------------------
--  DDL for Table MODULERUNS
--------------------------------------------------------

  CREATE TABLE "S1509508"."MODULERUNS" 
   (	"ID" NUMBER, 
	"LECTURER" NUMBER, 
	"MODULE" NUMBER, 
	"COURSE" NUMBER
   ) SEGMENT CREATION IMMEDIATE 
  PCTFREE 10 PCTUSED 40 INITRANS 1 MAXTRANS 255 NOCOMPRESS LOGGING
  STORAGE(INITIAL 65536 NEXT 1048576 MINEXTENTS 1 MAXEXTENTS 2147483645
  PCTINCREASE 0 FREELISTS 1 FREELIST GROUPS 1 BUFFER_POOL DEFAULT FLASH_CACHE DEFAULT CELL_FLASH_CACHE DEFAULT)
  TABLESPACE "S1509508" ;
--------------------------------------------------------
--  DDL for Table MODULES
--------------------------------------------------------

  CREATE TABLE "S1509508"."MODULES" 
   (	"ID" NUMBER, 
	"MODULETITLE" VARCHAR2(100 BYTE), 
	"MODULECODE" VARCHAR2(20 BYTE)
   ) SEGMENT CREATION IMMEDIATE 
  PCTFREE 10 PCTUSED 40 INITRANS 1 MAXTRANS 255 NOCOMPRESS LOGGING
  STORAGE(INITIAL 65536 NEXT 1048576 MINEXTENTS 1 MAXEXTENTS 2147483645
  PCTINCREASE 0 FREELISTS 1 FREELIST GROUPS 1 BUFFER_POOL DEFAULT FLASH_CACHE DEFAULT CELL_FLASH_CACHE DEFAULT)
  TABLESPACE "S1509508" ;
--------------------------------------------------------
--  DDL for Table RESULTS
--------------------------------------------------------

  CREATE TABLE "S1509508"."RESULTS" 
   (	"ID" NUMBER, 
	"ASSIGNMENT" NUMBER, 
	"STUDENT" NUMBER, 
	"GRADE" NUMBER
   ) SEGMENT CREATION IMMEDIATE 
  PCTFREE 10 PCTUSED 40 INITRANS 1 MAXTRANS 255 NOCOMPRESS LOGGING
  STORAGE(INITIAL 65536 NEXT 1048576 MINEXTENTS 1 MAXEXTENTS 2147483645
  PCTINCREASE 0 FREELISTS 1 FREELIST GROUPS 1 BUFFER_POOL DEFAULT FLASH_CACHE DEFAULT CELL_FLASH_CACHE DEFAULT)
  TABLESPACE "S1509508" ;
--------------------------------------------------------
--  DDL for Table USERS
--------------------------------------------------------

  CREATE TABLE "S1509508"."USERS" 
   (	"ID" NUMBER, 
	"UNIVERSITYID" VARCHAR2(20 BYTE), 
	"FIRSTNAME" VARCHAR2(50 BYTE), 
	"LASTNAME" VARCHAR2(50 BYTE), 
	"DATEOFBIRTH" DATE, 
	"EMAIL" VARCHAR2(100 BYTE), 
	"PHONENUMBER" VARCHAR2(20 BYTE), 
	"COURSE" NUMBER, 
	"GRADUATED" NUMBER DEFAULT 0, 
	"USERROLE" NUMBER DEFAULT 1
   ) SEGMENT CREATION IMMEDIATE 
  PCTFREE 10 PCTUSED 40 INITRANS 1 MAXTRANS 255 NOCOMPRESS LOGGING
  STORAGE(INITIAL 65536 NEXT 1048576 MINEXTENTS 1 MAXEXTENTS 2147483645
  PCTINCREASE 0 FREELISTS 1 FREELIST GROUPS 1 BUFFER_POOL DEFAULT FLASH_CACHE DEFAULT CELL_FLASH_CACHE DEFAULT)
  TABLESPACE "S1509508" ;
REM INSERTING into S1509508.ASSIGNMENTS
SET DEFINE OFF;
Insert into S1509508.ASSIGNMENTS (ID,ASSIGNMENTNAME,MODULERUN) values (1,'1. Hack a computer',1);
Insert into S1509508.ASSIGNMENTS (ID,ASSIGNMENTNAME,MODULERUN) values (2,'1. Build a website',2);
Insert into S1509508.ASSIGNMENTS (ID,ASSIGNMENTNAME,MODULERUN) values (3,'1. Build a calculator',3);
Insert into S1509508.ASSIGNMENTS (ID,ASSIGNMENTNAME,MODULERUN) values (4,'2. Build a game',3);
Insert into S1509508.ASSIGNMENTS (ID,ASSIGNMENTNAME,MODULERUN) values (5,'1. Discuss agile',4);
REM INSERTING into S1509508.COURSES
SET DEFINE OFF;
Insert into S1509508.COURSES (ID,TITLE,COURSELEADER) values (1,'Computer BSc w/ Hons',4);
REM INSERTING into S1509508.ENROLLMENTS
SET DEFINE OFF;
Insert into S1509508.ENROLLMENTS (ID,USERID,MODULERUNID) values (1,4,1);
Insert into S1509508.ENROLLMENTS (ID,USERID,MODULERUNID) values (2,4,2);
Insert into S1509508.ENROLLMENTS (ID,USERID,MODULERUNID) values (3,4,3);
Insert into S1509508.ENROLLMENTS (ID,USERID,MODULERUNID) values (4,4,4);
Insert into S1509508.ENROLLMENTS (ID,USERID,MODULERUNID) values (5,1,1);
Insert into S1509508.ENROLLMENTS (ID,USERID,MODULERUNID) values (6,1,2);
Insert into S1509508.ENROLLMENTS (ID,USERID,MODULERUNID) values (7,2,3);
Insert into S1509508.ENROLLMENTS (ID,USERID,MODULERUNID) values (8,3,4);
Insert into S1509508.ENROLLMENTS (ID,USERID,MODULERUNID) values (9,5,1);
Insert into S1509508.ENROLLMENTS (ID,USERID,MODULERUNID) values (10,5,2);
Insert into S1509508.ENROLLMENTS (ID,USERID,MODULERUNID) values (11,5,3);
REM INSERTING into S1509508.MODULERUNS
SET DEFINE OFF;
Insert into S1509508.MODULERUNS (ID,LECTURER,MODULE,COURSE) values (1,4,1,1);
Insert into S1509508.MODULERUNS (ID,LECTURER,MODULE,COURSE) values (2,4,2,1);
Insert into S1509508.MODULERUNS (ID,LECTURER,MODULE,COURSE) values (3,4,3,1);
Insert into S1509508.MODULERUNS (ID,LECTURER,MODULE,COURSE) values (4,4,4,1);
REM INSERTING into S1509508.MODULES
SET DEFINE OFF;
Insert into S1509508.MODULES (ID,MODULETITLE,MODULECODE) values (1,'Cyber Security','CT1001');
Insert into S1509508.MODULES (ID,MODULETITLE,MODULECODE) values (2,'Web Development','CT1002');
Insert into S1509508.MODULES (ID,MODULETITLE,MODULECODE) values (3,'Software Architecture','CT1003');
Insert into S1509508.MODULES (ID,MODULETITLE,MODULECODE) values (4,'Agile Methods','CT1004');
REM INSERTING into S1509508.RESULTS
SET DEFINE OFF;
Insert into S1509508.RESULTS (ID,ASSIGNMENT,STUDENT,GRADE) values (1,1,1,74);
REM INSERTING into S1509508.USERS
SET DEFINE OFF;
Insert into S1509508.USERS (ID,UNIVERSITYID,FIRSTNAME,LASTNAME,DATEOFBIRTH,EMAIL,PHONENUMBER,COURSE,GRADUATED,USERROLE) values (1,'s1509508','Connagh','Muldoon',to_date('01-JUN-95','DD-MON-RR'),'s1509508@glos.ac.uk','01454356754',1,0,1);
Insert into S1509508.USERS (ID,UNIVERSITYID,FIRSTNAME,LASTNAME,DATEOFBIRTH,EMAIL,PHONENUMBER,COURSE,GRADUATED,USERROLE) values (2,'s0000001','Thomas','Clark',to_date('01-DEC-10','DD-MON-RR'),'s0000001@glos.ac.uk','01452432432',1,0,1);
Insert into S1509508.USERS (ID,UNIVERSITYID,FIRSTNAME,LASTNAME,DATEOFBIRTH,EMAIL,PHONENUMBER,COURSE,GRADUATED,USERROLE) values (3,'s0000002','Laiba','Khawar',to_date('14-JUN-07','DD-MON-RR'),'s0000002@glos.ac.uk','01321123123',1,0,1);
Insert into S1509508.USERS (ID,UNIVERSITYID,FIRSTNAME,LASTNAME,DATEOFBIRTH,EMAIL,PHONENUMBER,COURSE,GRADUATED,USERROLE) values (4,'s0000003','Abu','Alam',to_date('14-DEC-90','DD-MON-RR'),'s0000003@glos.ac.uk','01321321321',1,0,2);
Insert into S1509508.USERS (ID,UNIVERSITYID,FIRSTNAME,LASTNAME,DATEOFBIRTH,EMAIL,PHONENUMBER,COURSE,GRADUATED,USERROLE) values (5,'s0000004','Dave','Fakename',to_date('01-DEC-18','DD-MON-RR'),'s0000004@glos.ac.uk','01321321321',1,1,1);
--------------------------------------------------------
--  DDL for Index RESULTS_PK
--------------------------------------------------------

  CREATE UNIQUE INDEX "S1509508"."RESULTS_PK" ON "S1509508"."RESULTS" ("ID") 
  PCTFREE 10 INITRANS 2 MAXTRANS 255 COMPUTE STATISTICS 
  STORAGE(INITIAL 65536 NEXT 1048576 MINEXTENTS 1 MAXEXTENTS 2147483645
  PCTINCREASE 0 FREELISTS 1 FREELIST GROUPS 1 BUFFER_POOL DEFAULT FLASH_CACHE DEFAULT CELL_FLASH_CACHE DEFAULT)
  TABLESPACE "S1509508" ;
--------------------------------------------------------
--  DDL for Index ASSIGNMENTS_PK
--------------------------------------------------------

  CREATE UNIQUE INDEX "S1509508"."ASSIGNMENTS_PK" ON "S1509508"."ASSIGNMENTS" ("ID") 
  PCTFREE 10 INITRANS 2 MAXTRANS 255 COMPUTE STATISTICS 
  STORAGE(INITIAL 65536 NEXT 1048576 MINEXTENTS 1 MAXEXTENTS 2147483645
  PCTINCREASE 0 FREELISTS 1 FREELIST GROUPS 1 BUFFER_POOL DEFAULT FLASH_CACHE DEFAULT CELL_FLASH_CACHE DEFAULT)
  TABLESPACE "S1509508" ;
--------------------------------------------------------
--  DDL for Index MODULES_PK
--------------------------------------------------------

  CREATE UNIQUE INDEX "S1509508"."MODULES_PK" ON "S1509508"."MODULES" ("ID") 
  PCTFREE 10 INITRANS 2 MAXTRANS 255 COMPUTE STATISTICS 
  STORAGE(INITIAL 65536 NEXT 1048576 MINEXTENTS 1 MAXEXTENTS 2147483645
  PCTINCREASE 0 FREELISTS 1 FREELIST GROUPS 1 BUFFER_POOL DEFAULT FLASH_CACHE DEFAULT CELL_FLASH_CACHE DEFAULT)
  TABLESPACE "S1509508" ;
--------------------------------------------------------
--  DDL for Index ENROLLMENTS_PK
--------------------------------------------------------

  CREATE UNIQUE INDEX "S1509508"."ENROLLMENTS_PK" ON "S1509508"."ENROLLMENTS" ("ID") 
  PCTFREE 10 INITRANS 2 MAXTRANS 255 COMPUTE STATISTICS 
  STORAGE(INITIAL 65536 NEXT 1048576 MINEXTENTS 1 MAXEXTENTS 2147483645
  PCTINCREASE 0 FREELISTS 1 FREELIST GROUPS 1 BUFFER_POOL DEFAULT FLASH_CACHE DEFAULT CELL_FLASH_CACHE DEFAULT)
  TABLESPACE "S1509508" ;
--------------------------------------------------------
--  DDL for Index USERS_PK
--------------------------------------------------------

  CREATE UNIQUE INDEX "S1509508"."USERS_PK" ON "S1509508"."USERS" ("ID") 
  PCTFREE 10 INITRANS 2 MAXTRANS 255 COMPUTE STATISTICS 
  STORAGE(INITIAL 65536 NEXT 1048576 MINEXTENTS 1 MAXEXTENTS 2147483645
  PCTINCREASE 0 FREELISTS 1 FREELIST GROUPS 1 BUFFER_POOL DEFAULT FLASH_CACHE DEFAULT CELL_FLASH_CACHE DEFAULT)
  TABLESPACE "S1509508" ;
--------------------------------------------------------
--  DDL for Index MODULERUNS_PK
--------------------------------------------------------

  CREATE UNIQUE INDEX "S1509508"."MODULERUNS_PK" ON "S1509508"."MODULERUNS" ("ID") 
  PCTFREE 10 INITRANS 2 MAXTRANS 255 COMPUTE STATISTICS 
  STORAGE(INITIAL 65536 NEXT 1048576 MINEXTENTS 1 MAXEXTENTS 2147483645
  PCTINCREASE 0 FREELISTS 1 FREELIST GROUPS 1 BUFFER_POOL DEFAULT FLASH_CACHE DEFAULT CELL_FLASH_CACHE DEFAULT)
  TABLESPACE "S1509508" ;
--------------------------------------------------------
--  DDL for Index COURSES_PK
--------------------------------------------------------

  CREATE UNIQUE INDEX "S1509508"."COURSES_PK" ON "S1509508"."COURSES" ("ID") 
  PCTFREE 10 INITRANS 2 MAXTRANS 255 COMPUTE STATISTICS 
  STORAGE(INITIAL 65536 NEXT 1048576 MINEXTENTS 1 MAXEXTENTS 2147483645
  PCTINCREASE 0 FREELISTS 1 FREELIST GROUPS 1 BUFFER_POOL DEFAULT FLASH_CACHE DEFAULT CELL_FLASH_CACHE DEFAULT)
  TABLESPACE "S1509508" ;
--------------------------------------------------------
--  DDL for Trigger ASSIGNMENTS_TRG
--------------------------------------------------------

  CREATE OR REPLACE TRIGGER "S1509508"."ASSIGNMENTS_TRG" 
BEFORE INSERT ON ASSIGNMENTS 
FOR EACH ROW 
BEGIN
  <<COLUMN_SEQUENCES>>
  BEGIN
    IF INSERTING AND :NEW.ID IS NULL THEN
      SELECT ASSIGNMENTS_SEQ.NEXTVAL INTO :NEW.ID FROM SYS.DUAL;
    END IF;
  END COLUMN_SEQUENCES;
END;
/
ALTER TRIGGER "S1509508"."ASSIGNMENTS_TRG" ENABLE;
--------------------------------------------------------
--  DDL for Trigger COURSES_TRG
--------------------------------------------------------

  CREATE OR REPLACE TRIGGER "S1509508"."COURSES_TRG" 
BEFORE INSERT ON COURSES 
FOR EACH ROW 
BEGIN
  <<COLUMN_SEQUENCES>>
  BEGIN
    IF INSERTING AND :NEW.ID IS NULL THEN
      SELECT COURSES_SEQ.NEXTVAL INTO :NEW.ID FROM SYS.DUAL;
    END IF;
  END COLUMN_SEQUENCES;
END;
/
ALTER TRIGGER "S1509508"."COURSES_TRG" ENABLE;
--------------------------------------------------------
--  DDL for Trigger ENROLLMENTS_TRG
--------------------------------------------------------

  CREATE OR REPLACE TRIGGER "S1509508"."ENROLLMENTS_TRG" 
BEFORE INSERT ON ENROLLMENTS 
FOR EACH ROW 
BEGIN
  <<COLUMN_SEQUENCES>>
  BEGIN
    IF INSERTING AND :NEW.ID IS NULL THEN
      SELECT ENROLLMENTS_SEQ.NEXTVAL INTO :NEW.ID FROM SYS.DUAL;
    END IF;
  END COLUMN_SEQUENCES;
END;
/
ALTER TRIGGER "S1509508"."ENROLLMENTS_TRG" ENABLE;
--------------------------------------------------------
--  DDL for Trigger MODULERUNS_TRG1
--------------------------------------------------------

  CREATE OR REPLACE TRIGGER "S1509508"."MODULERUNS_TRG1" 
BEFORE INSERT ON MODULERUNS 
FOR EACH ROW 
BEGIN
  <<COLUMN_SEQUENCES>>
  BEGIN
    IF INSERTING AND :NEW.ID IS NULL THEN
      SELECT MODULERUNS_SEQ1.NEXTVAL INTO :NEW.ID FROM SYS.DUAL;
    END IF;
  END COLUMN_SEQUENCES;
END;
/
ALTER TRIGGER "S1509508"."MODULERUNS_TRG1" ENABLE;
--------------------------------------------------------
--  DDL for Trigger MODULES_TRG
--------------------------------------------------------

  CREATE OR REPLACE TRIGGER "S1509508"."MODULES_TRG" 
BEFORE INSERT ON MODULES 
FOR EACH ROW 
BEGIN
  <<COLUMN_SEQUENCES>>
  BEGIN
    IF INSERTING AND :NEW.ID IS NULL THEN
      SELECT MODULES_SEQ.NEXTVAL INTO :NEW.ID FROM SYS.DUAL;
    END IF;
  END COLUMN_SEQUENCES;
END;
/
ALTER TRIGGER "S1509508"."MODULES_TRG" ENABLE;
--------------------------------------------------------
--  DDL for Trigger RESULTS_TRG
--------------------------------------------------------

  CREATE OR REPLACE TRIGGER "S1509508"."RESULTS_TRG" 
BEFORE INSERT ON RESULTS 
FOR EACH ROW 
BEGIN
  <<COLUMN_SEQUENCES>>
  BEGIN
    IF INSERTING AND :NEW.ID IS NULL THEN
      SELECT RESULTS_SEQ.NEXTVAL INTO :NEW.ID FROM SYS.DUAL;
    END IF;
  END COLUMN_SEQUENCES;
END;
/
ALTER TRIGGER "S1509508"."RESULTS_TRG" ENABLE;
--------------------------------------------------------
--  DDL for Trigger USERS_TRG
--------------------------------------------------------

  CREATE OR REPLACE TRIGGER "S1509508"."USERS_TRG" BEFORE INSERT ON USERS 
FOR EACH ROW 
BEGIN
  <<COLUMN_SEQUENCES>>
  BEGIN
    IF INSERTING AND :NEW.ID IS NULL THEN
      SELECT USERS_SEQ.NEXTVAL INTO :NEW.ID FROM SYS.DUAL;
    END IF;
  END COLUMN_SEQUENCES;
END;
/
ALTER TRIGGER "S1509508"."USERS_TRG" ENABLE;
--------------------------------------------------------
--  Constraints for Table MODULES
--------------------------------------------------------

  ALTER TABLE "S1509508"."MODULES" ADD CONSTRAINT "MODULES_PK" PRIMARY KEY ("ID")
  USING INDEX PCTFREE 10 INITRANS 2 MAXTRANS 255 COMPUTE STATISTICS 
  STORAGE(INITIAL 65536 NEXT 1048576 MINEXTENTS 1 MAXEXTENTS 2147483645
  PCTINCREASE 0 FREELISTS 1 FREELIST GROUPS 1 BUFFER_POOL DEFAULT FLASH_CACHE DEFAULT CELL_FLASH_CACHE DEFAULT)
  TABLESPACE "S1509508"  ENABLE;
 
  ALTER TABLE "S1509508"."MODULES" MODIFY ("ID" NOT NULL ENABLE);
 
  ALTER TABLE "S1509508"."MODULES" MODIFY ("MODULETITLE" NOT NULL ENABLE);
 
  ALTER TABLE "S1509508"."MODULES" MODIFY ("MODULECODE" NOT NULL ENABLE);
--------------------------------------------------------
--  Constraints for Table ASSIGNMENTS
--------------------------------------------------------

  ALTER TABLE "S1509508"."ASSIGNMENTS" ADD CONSTRAINT "ASSIGNMENTS_PK" PRIMARY KEY ("ID")
  USING INDEX PCTFREE 10 INITRANS 2 MAXTRANS 255 COMPUTE STATISTICS 
  STORAGE(INITIAL 65536 NEXT 1048576 MINEXTENTS 1 MAXEXTENTS 2147483645
  PCTINCREASE 0 FREELISTS 1 FREELIST GROUPS 1 BUFFER_POOL DEFAULT FLASH_CACHE DEFAULT CELL_FLASH_CACHE DEFAULT)
  TABLESPACE "S1509508"  ENABLE;
 
  ALTER TABLE "S1509508"."ASSIGNMENTS" MODIFY ("ID" NOT NULL ENABLE);
 
  ALTER TABLE "S1509508"."ASSIGNMENTS" MODIFY ("ASSIGNMENTNAME" NOT NULL ENABLE);
 
  ALTER TABLE "S1509508"."ASSIGNMENTS" MODIFY ("MODULERUN" NOT NULL ENABLE);
--------------------------------------------------------
--  Constraints for Table USERS
--------------------------------------------------------

  ALTER TABLE "S1509508"."USERS" MODIFY ("ID" NOT NULL ENABLE);
 
  ALTER TABLE "S1509508"."USERS" MODIFY ("UNIVERSITYID" NOT NULL ENABLE);
 
  ALTER TABLE "S1509508"."USERS" MODIFY ("FIRSTNAME" NOT NULL ENABLE);
 
  ALTER TABLE "S1509508"."USERS" MODIFY ("LASTNAME" NOT NULL ENABLE);
 
  ALTER TABLE "S1509508"."USERS" MODIFY ("DATEOFBIRTH" NOT NULL ENABLE);
 
  ALTER TABLE "S1509508"."USERS" MODIFY ("EMAIL" NOT NULL ENABLE);
 
  ALTER TABLE "S1509508"."USERS" MODIFY ("PHONENUMBER" NOT NULL ENABLE);
 
  ALTER TABLE "S1509508"."USERS" MODIFY ("GRADUATED" NOT NULL ENABLE);
 
  ALTER TABLE "S1509508"."USERS" MODIFY ("USERROLE" NOT NULL ENABLE);
 
  ALTER TABLE "S1509508"."USERS" ADD CONSTRAINT "USERS_PK" PRIMARY KEY ("ID")
  USING INDEX PCTFREE 10 INITRANS 2 MAXTRANS 255 COMPUTE STATISTICS 
  STORAGE(INITIAL 65536 NEXT 1048576 MINEXTENTS 1 MAXEXTENTS 2147483645
  PCTINCREASE 0 FREELISTS 1 FREELIST GROUPS 1 BUFFER_POOL DEFAULT FLASH_CACHE DEFAULT CELL_FLASH_CACHE DEFAULT)
  TABLESPACE "S1509508"  ENABLE;
--------------------------------------------------------
--  Constraints for Table ENROLLMENTS
--------------------------------------------------------

  ALTER TABLE "S1509508"."ENROLLMENTS" ADD CONSTRAINT "ENROLLMENTS_PK" PRIMARY KEY ("ID")
  USING INDEX PCTFREE 10 INITRANS 2 MAXTRANS 255 COMPUTE STATISTICS 
  STORAGE(INITIAL 65536 NEXT 1048576 MINEXTENTS 1 MAXEXTENTS 2147483645
  PCTINCREASE 0 FREELISTS 1 FREELIST GROUPS 1 BUFFER_POOL DEFAULT FLASH_CACHE DEFAULT CELL_FLASH_CACHE DEFAULT)
  TABLESPACE "S1509508"  ENABLE;
 
  ALTER TABLE "S1509508"."ENROLLMENTS" MODIFY ("ID" NOT NULL ENABLE);
 
  ALTER TABLE "S1509508"."ENROLLMENTS" MODIFY ("USERID" NOT NULL ENABLE);
 
  ALTER TABLE "S1509508"."ENROLLMENTS" MODIFY ("MODULERUNID" NOT NULL ENABLE);
--------------------------------------------------------
--  Constraints for Table RESULTS
--------------------------------------------------------

  ALTER TABLE "S1509508"."RESULTS" ADD CONSTRAINT "RESULTS_PK" PRIMARY KEY ("ID")
  USING INDEX PCTFREE 10 INITRANS 2 MAXTRANS 255 COMPUTE STATISTICS 
  STORAGE(INITIAL 65536 NEXT 1048576 MINEXTENTS 1 MAXEXTENTS 2147483645
  PCTINCREASE 0 FREELISTS 1 FREELIST GROUPS 1 BUFFER_POOL DEFAULT FLASH_CACHE DEFAULT CELL_FLASH_CACHE DEFAULT)
  TABLESPACE "S1509508"  ENABLE;
 
  ALTER TABLE "S1509508"."RESULTS" MODIFY ("ID" NOT NULL ENABLE);
 
  ALTER TABLE "S1509508"."RESULTS" MODIFY ("ASSIGNMENT" NOT NULL ENABLE);
 
  ALTER TABLE "S1509508"."RESULTS" MODIFY ("STUDENT" NOT NULL ENABLE);
 
  ALTER TABLE "S1509508"."RESULTS" MODIFY ("GRADE" NOT NULL ENABLE);
--------------------------------------------------------
--  Constraints for Table MODULERUNS
--------------------------------------------------------

  ALTER TABLE "S1509508"."MODULERUNS" ADD CONSTRAINT "MODULERUNS_PK" PRIMARY KEY ("ID")
  USING INDEX PCTFREE 10 INITRANS 2 MAXTRANS 255 COMPUTE STATISTICS 
  STORAGE(INITIAL 65536 NEXT 1048576 MINEXTENTS 1 MAXEXTENTS 2147483645
  PCTINCREASE 0 FREELISTS 1 FREELIST GROUPS 1 BUFFER_POOL DEFAULT FLASH_CACHE DEFAULT CELL_FLASH_CACHE DEFAULT)
  TABLESPACE "S1509508"  ENABLE;
 
  ALTER TABLE "S1509508"."MODULERUNS" MODIFY ("ID" NOT NULL ENABLE);
 
  ALTER TABLE "S1509508"."MODULERUNS" MODIFY ("LECTURER" NOT NULL ENABLE);
 
  ALTER TABLE "S1509508"."MODULERUNS" MODIFY ("MODULE" NOT NULL ENABLE);
 
  ALTER TABLE "S1509508"."MODULERUNS" MODIFY ("COURSE" NOT NULL ENABLE);
--------------------------------------------------------
--  Constraints for Table COURSES
--------------------------------------------------------

  ALTER TABLE "S1509508"."COURSES" ADD CONSTRAINT "COURSES_PK" PRIMARY KEY ("ID")
  USING INDEX PCTFREE 10 INITRANS 2 MAXTRANS 255 COMPUTE STATISTICS 
  STORAGE(INITIAL 65536 NEXT 1048576 MINEXTENTS 1 MAXEXTENTS 2147483645
  PCTINCREASE 0 FREELISTS 1 FREELIST GROUPS 1 BUFFER_POOL DEFAULT FLASH_CACHE DEFAULT CELL_FLASH_CACHE DEFAULT)
  TABLESPACE "S1509508"  ENABLE;
 
  ALTER TABLE "S1509508"."COURSES" MODIFY ("ID" NOT NULL ENABLE);
 
  ALTER TABLE "S1509508"."COURSES" MODIFY ("TITLE" NOT NULL ENABLE);
 
  ALTER TABLE "S1509508"."COURSES" MODIFY ("COURSELEADER" NOT NULL ENABLE);
--------------------------------------------------------
--  Ref Constraints for Table ASSIGNMENTS
--------------------------------------------------------

  ALTER TABLE "S1509508"."ASSIGNMENTS" ADD CONSTRAINT "FK_ASSIGNMENTS_MODULERUNS" FOREIGN KEY ("MODULERUN")
	  REFERENCES "S1509508"."MODULERUNS" ("ID") ON DELETE CASCADE ENABLE;
--------------------------------------------------------
--  Ref Constraints for Table COURSES
--------------------------------------------------------

  ALTER TABLE "S1509508"."COURSES" ADD CONSTRAINT "FK_COURSES_USERS_LEADER" FOREIGN KEY ("COURSELEADER")
	  REFERENCES "S1509508"."USERS" ("ID") ON DELETE CASCADE ENABLE;
--------------------------------------------------------
--  Ref Constraints for Table ENROLLMENTS
--------------------------------------------------------

  ALTER TABLE "S1509508"."ENROLLMENTS" ADD CONSTRAINT "FK_ENROLLMENTS_MODULERUNID" FOREIGN KEY ("MODULERUNID")
	  REFERENCES "S1509508"."MODULERUNS" ("ID") ON DELETE CASCADE ENABLE;
 
  ALTER TABLE "S1509508"."ENROLLMENTS" ADD CONSTRAINT "FK_ENROLLMENTS_USERS" FOREIGN KEY ("USERID")
	  REFERENCES "S1509508"."USERS" ("ID") ON DELETE CASCADE ENABLE;
--------------------------------------------------------
--  Ref Constraints for Table MODULERUNS
--------------------------------------------------------

  ALTER TABLE "S1509508"."MODULERUNS" ADD CONSTRAINT "FK_MODULERUNS_COURSES" FOREIGN KEY ("COURSE")
	  REFERENCES "S1509508"."COURSES" ("ID") ON DELETE CASCADE ENABLE;
 
  ALTER TABLE "S1509508"."MODULERUNS" ADD CONSTRAINT "FK_MODULERUNS_MODULES" FOREIGN KEY ("MODULE")
	  REFERENCES "S1509508"."MODULES" ("ID") ON DELETE CASCADE ENABLE;
 
  ALTER TABLE "S1509508"."MODULERUNS" ADD CONSTRAINT "FK_MODULES_USERS_LECTURER" FOREIGN KEY ("LECTURER")
	  REFERENCES "S1509508"."USERS" ("ID") ON DELETE CASCADE ENABLE;
--------------------------------------------------------
--  Ref Constraints for Table RESULTS
--------------------------------------------------------

  ALTER TABLE "S1509508"."RESULTS" ADD CONSTRAINT "FK_RESULTS_ASSIGNMENTS" FOREIGN KEY ("ASSIGNMENT")
	  REFERENCES "S1509508"."ASSIGNMENTS" ("ID") ON DELETE CASCADE ENABLE;
 
  ALTER TABLE "S1509508"."RESULTS" ADD CONSTRAINT "FK_RESULTS_USERS" FOREIGN KEY ("STUDENT")
	  REFERENCES "S1509508"."USERS" ("ID") ON DELETE CASCADE ENABLE;
--------------------------------------------------------
--  Ref Constraints for Table USERS
--------------------------------------------------------

  ALTER TABLE "S1509508"."USERS" ADD CONSTRAINT "FK_USERS_COURSES" FOREIGN KEY ("COURSE")
	  REFERENCES "S1509508"."COURSES" ("ID") ON DELETE SET NULL ENABLE;
